efg_pct,ft_rate,off_rtg,orb_pct,pace,pts,tov_pct
0.45799999999999996,0.20600000000000002,104.3,24.6,93.0,97.0,10.6
